轮次,方案标签,A_LO,A_HI,B_HI,B_MULT,C_MULT,与仓库基准买入一致,成交笔数,收益合计_pct,固定份额0p5_合计_pct,单笔均值_pct,夏普_笔收益,胜率_pct,波动率_笔收益标准差_pct,最大回撤_链式净值_pct,盈亏比_均盈除以均亏绝对值,盈亏比_总盈利除以总亏损绝对值,份额合计,加权收益合计_pts,加权收益率合计_pct,加权笔均_pct,加权胜率_pct,夏普_笔收益_加权,波动率_笔收益标准差_pct_加权,最大回撤_链式净值_pct_加权,盈亏比_均盈除以均亏绝对值_加权,盈亏比_总盈利除以总亏损绝对值_加权
买1+2,买扫|A_LO=-6.0%·A_HI=3.0%·B_HI=6.0%·B×=0.98·C×=0.97,-0.06,0.03,0.06,0.98,0.97,False,160,367.9406,183.9703,2.2996,0.3201,58.125,7.1843,29.0864,1.5096,2.1937,55.75,143.913,287.8261,2.5814,59.1031,0.3624,2.6602,9.6287,1.6974,2.4665
买1+2,买扫|A_LO=-5.0%·A_HI=3.0%·B_HI=6.0%·B×=0.98·C×=0.97,-0.05,0.03,0.06,0.98,0.97,False,160,367.9406,183.9703,2.2996,0.3201,58.125,7.1843,29.0864,1.5096,2.1937,55.75,143.913,287.8261,2.5814,59.1031,0.3624,2.6602,9.6287,1.6974,2.4665
买1+2,买扫|A_LO=-4.0%·A_HI=3.0%·B_HI=6.0%·B×=0.98·C×=0.97,-0.04,0.03,0.06,0.98,0.97,False,160,367.9406,183.9703,2.2996,0.3201,58.125,7.1843,29.0864,1.5096,2.1937,55.75,143.913,287.8261,2.5814,59.1031,0.3624,2.6602,9.6287,1.6974,2.4665
买1+2,买扫|A_LO=-6.0%·A_HI=3.0%·B_HI=6.0%·B×=0.97·C×=0.97,-0.06,0.03,0.06,0.97,0.97,False,155,366.6079,183.304,2.3652,0.3289,58.7097,7.1904,26.1166,1.51,2.2526,54.2,144.4335,288.867,2.6648,59.8708,0.3745,2.6697,10.9661,1.7116,2.5533
买1+2,买扫|A_LO=-6.0%·A_HI=3.0%·B_HI=7.0%·B×=0.97·C×=0.97,-0.06,0.03,0.07,0.97,0.97,False,155,366.6079,183.304,2.3652,0.3289,58.7097,7.1904,26.1166,1.51,2.2526,54.2,144.4335,288.867,2.6648,59.8708,0.3745,2.6697,10.9661,1.7116,2.5533
买1+2,买扫|A_LO=-6.0%·A_HI=3.0%·B_HI=8.0%·B×=0.97·C×=0.97,-0.06,0.03,0.08,0.97,0.97,False,155,366.6079,183.304,2.3652,0.3289,58.7097,7.1904,26.1166,1.51,2.2526,54.2,144.4335,288.867,2.6648,59.8708,0.3745,2.6697,10.9661,1.7116,2.5533
买1+2,买扫|A_LO=-5.0%·A_HI=3.0%·B_HI=6.0%·B×=0.97·C×=0.97,-0.05,0.03,0.06,0.97,0.97,False,155,366.6079,183.304,2.3652,0.3289,58.7097,7.1904,26.1166,1.51,2.2526,54.2,144.4335,288.867,2.6648,59.8708,0.3745,2.6697,10.9661,1.7116,2.5533
买1+2,买扫|A_LO=-5.0%·A_HI=3.0%·B_HI=7.0%·B×=0.97·C×=0.97,-0.05,0.03,0.07,0.97,0.97,False,155,366.6079,183.304,2.3652,0.3289,58.7097,7.1904,26.1166,1.51,2.2526,54.2,144.4335,288.867,2.6648,59.8708,0.3745,2.6697,10.9661,1.7116,2.5533
买1+2,买扫|A_LO=-5.0%·A_HI=3.0%·B_HI=8.0%·B×=0.97·C×=0.97,-0.05,0.03,0.08,0.97,0.97,False,155,366.6079,183.304,2.3652,0.3289,58.7097,7.1904,26.1166,1.51,2.2526,54.2,144.4335,288.867,2.6648,59.8708,0.3745,2.6697,10.9661,1.7116,2.5533
买1+2,买扫|A_LO=-4.0%·A_HI=3.0%·B_HI=6.0%·B×=0.97·C×=0.97,-0.04,0.03,0.06,0.97,0.97,False,155,366.6079,183.304,2.3652,0.3289,58.7097,7.1904,26.1166,1.51,2.2526,54.2,144.4335,288.867,2.6648,59.8708,0.3745,2.6697,10.9661,1.7116,2.5533
买1+2,买扫|A_LO=-4.0%·A_HI=3.0%·B_HI=7.0%·B×=0.97·C×=0.97,-0.04,0.03,0.07,0.97,0.97,False,155,366.6079,183.304,2.3652,0.3289,58.7097,7.1904,26.1166,1.51,2.2526,54.2,144.4335,288.867,2.6648,59.8708,0.3745,2.6697,10.9661,1.7116,2.5533
买1+2,买扫|A_LO=-4.0%·A_HI=3.0%·B_HI=8.0%·B×=0.97·C×=0.97,-0.04,0.03,0.08,0.97,0.97,False,155,366.6079,183.304,2.3652,0.3289,58.7097,7.1904,26.1166,1.51,2.2526,54.2,144.4335,288.867,2.6648,59.8708,0.3745,2.6697,10.9661,1.7116,2.5533
买1+2,买扫|A_LO=-6.0%·A_HI=3.0%·B_HI=7.0%·B×=0.98·C×=0.97,-0.06,0.03,0.07,0.98,0.97,False,160,359.7248,179.8624,2.2483,0.3124,57.5,7.1972,29.0864,1.5171,2.1473,55.75,141.8591,283.7182,2.5446,58.6547,0.3567,2.664,9.6287,1.7142,2.4263
买1+2,买扫|A_LO=-5.0%·A_HI=3.0%·B_HI=7.0%·B×=0.98·C×=0.97,-0.05,0.03,0.07,0.98,0.97,False,160,359.7248,179.8624,2.2483,0.3124,57.5,7.1972,29.0864,1.5171,2.1473,55.75,141.8591,283.7182,2.5446,58.6547,0.3567,2.664,9.6287,1.7142,2.4263
买1+2,买扫|A_LO=-4.0%·A_HI=3.0%·B_HI=7.0%·B×=0.98·C×=0.97,-0.04,0.03,0.07,0.98,0.97,False,160,359.7248,179.8624,2.2483,0.3124,57.5,7.1972,29.0864,1.5171,2.1473,55.75,141.8591,283.7182,2.5446,58.6547,0.3567,2.664,9.6287,1.7142,2.4263
买1+2,买扫|A_LO=-6.0%·A_HI=3.0%·B_HI=6.0%·B×=0.96·C×=0.97,-0.06,0.03,0.06,0.96,0.97,False,150,358.6353,179.3176,2.3909,0.3312,59.3333,7.2179,27.5967,1.4815,2.2734,52.65,143.334,286.668,2.7224,60.6838,0.381,2.6956,11.0452,1.6962,2.6028
买1+2,买扫|A_LO=-5.0%·A_HI=3.0%·B_HI=6.0%·B×=0.96·C×=0.97,-0.05,0.03,0.06,0.96,0.97,False,150,358.6353,179.3176,2.3909,0.3312,59.3333,7.2179,27.5967,1.4815,2.2734,52.65,143.334,286.668,2.7224,60.6838,0.381,2.6956,11.0452,1.6962,2.6028
买1+2,买扫|A_LO=-4.0%·A_HI=3.0%·B_HI=6.0%·B×=0.96·C×=0.97,-0.04,0.03,0.06,0.96,0.97,False,150,358.6353,179.3176,2.3909,0.3312,59.3333,7.2179,27.5967,1.4815,2.2734,52.65,143.334,286.668,2.7224,60.6838,0.381,2.6956,11.0452,1.6962,2.6028
买1+2,买扫|A_LO=-6.0%·A_HI=3.0%·B_HI=8.0%·B×=0.98·C×=0.97,-0.06,0.03,0.08,0.98,0.97,False,160,356.6955,178.3477,2.2293,0.3093,56.875,7.2067,29.0864,1.5457,2.1312,55.75,141.1018,282.2035,2.531,58.2063,0.3544,2.6661,9.6287,1.7496,2.4123
买1+2,买扫|A_LO=-5.0%·A_HI=3.0%·B_HI=8.0%·B×=0.98·C×=0.97,-0.05,0.03,0.08,0.98,0.97,False,160,356.6955,178.3477,2.2293,0.3093,56.875,7.2067,29.0864,1.5457,2.1312,55.75,141.1018,282.2035,2.531,58.2063,0.3544,2.6661,9.6287,1.7496,2.4123
买1+2,买扫|A_LO=-4.0%·A_HI=3.0%·B_HI=8.0%·B×=0.98·C×=0.97,-0.04,0.03,0.08,0.98,0.97,False,160,356.6955,178.3477,2.2293,0.3093,56.875,7.2067,29.0864,1.5457,2.1312,55.75,141.1018,282.2035,2.531,58.2063,0.3544,2.6661,9.6287,1.7496,2.4123
买1+2,买扫|A_LO=-6.0%·A_HI=3.0%·B_HI=8.0%·B×=0.96·C×=0.97,-0.06,0.03,0.08,0.96,0.97,False,147,352.9088,176.4544,2.4007,0.3342,60.5442,7.184,24.6375,1.4186,2.2955,51.9,141.9024,283.8048,2.7342,61.5607,0.384,2.7044,9.9884,1.6246,2.6289
买1+2,买扫|A_LO=-5.0%·A_HI=3.0%·B_HI=8.0%·B×=0.96·C×=0.97,-0.05,0.03,0.08,0.96,0.97,False,147,352.9088,176.4544,2.4007,0.3342,60.5442,7.184,24.6375,1.4186,2.2955,51.9,141.9024,283.8048,2.7342,61.5607,0.384,2.7044,9.9884,1.6246,2.6289
买1+2,买扫|A_LO=-4.0%·A_HI=3.0%·B_HI=8.0%·B×=0.96·C×=0.97,-0.04,0.03,0.08,0.96,0.97,False,147,352.9088,176.4544,2.4007,0.3342,60.5442,7.184,24.6375,1.4186,2.2955,51.9,141.9024,283.8048,2.7342,61.5607,0.384,2.7044,9.9884,1.6246,2.6289
买1+2,买扫|A_LO=-6.0%·A_HI=3.0%·B_HI=7.0%·B×=0.96·C×=0.97,-0.06,0.03,0.07,0.96,0.97,False,147,349.8163,174.9082,2.3797,0.3309,60.5442,7.192,24.6375,1.4088,2.2796,51.9,141.1293,282.2586,2.7193,61.5607,0.3816,2.7064,9.9884,1.6163,2.6155
买1+2,买扫|A_LO=-5.0%·A_HI=3.0%·B_HI=7.0%·B×=0.96·C×=0.97,-0.05,0.03,0.07,0.96,0.97,False,147,349.8163,174.9082,2.3797,0.3309,60.5442,7.192,24.6375,1.4088,2.2796,51.9,141.1293,282.2586,2.7193,61.5607,0.3816,2.7064,9.9884,1.6163,2.6155
买1+2,买扫|A_LO=-4.0%·A_HI=3.0%·B_HI=7.0%·B×=0.96·C×=0.97,-0.04,0.03,0.07,0.96,0.97,False,147,349.8163,174.9082,2.3797,0.3309,60.5442,7.192,24.6375,1.4088,2.2796,51.9,141.1293,282.2586,2.7193,61.5607,0.3816,2.7064,9.9884,1.6163,2.6155
买1+2,买扫|A_LO=-6.0%·A_HI=4.0%·B_HI=6.0%·B×=0.98·C×=0.97,-0.06,0.04,0.06,0.98,0.97,False,163,348.332,174.166,2.137,0.2958,55.8282,7.2233,33.2566,1.5648,2.0638,56.8,137.05,274.1,2.4129,56.7782,0.3366,2.6726,10.2744,1.7493,2.307
买1+2,买扫|A_LO=-5.0%·A_HI=4.0%·B_HI=6.0%·B×=0.98·C×=0.97,-0.05,0.04,0.06,0.98,0.97,False,163,348.332,174.166,2.137,0.2958,55.8282,7.2233,33.2566,1.5648,2.0638,56.8,137.05,274.1,2.4129,56.7782,0.3366,2.6726,10.2744,1.7493,2.307
买1+2,买扫|A_LO=-4.0%·A_HI=4.0%·B_HI=6.0%·B×=0.98·C×=0.97,-0.04,0.04,0.06,0.98,0.97,False,163,348.332,174.166,2.137,0.2958,55.8282,7.2233,33.2566,1.5648,2.0638,56.8,137.05,274.1,2.4129,56.7782,0.3366,2.6726,10.2744,1.7493,2.307
买1+2,买扫|A_LO=-6.0%·A_HI=2.0%·B_HI=6.0%·B×=0.98·C×=0.97,-0.06,0.02,0.06,0.98,0.97,False,152,340.6387,170.3194,2.241,0.315,57.2368,7.1152,27.6391,1.5457,2.1689,52.95,134.3574,268.7148,2.5374,58.2625,0.3598,2.6456,12.8305,1.7506,2.4565
买1+2,买扫|A_LO=-5.0%·A_HI=2.0%·B_HI=6.0%·B×=0.98·C×=0.97,-0.05,0.02,0.06,0.98,0.97,False,152,340.6387,170.3194,2.241,0.315,57.2368,7.1152,27.6391,1.5457,2.1689,52.95,134.3574,268.7148,2.5374,58.2625,0.3598,2.6456,12.8305,1.7506,2.4565
买1+2,买扫|A_LO=-4.0%·A_HI=2.0%·B_HI=6.0%·B×=0.98·C×=0.97,-0.04,0.02,0.06,0.98,0.97,False,152,340.6387,170.3194,2.241,0.315,57.2368,7.1152,27.6391,1.5457,2.1689,52.95,134.3574,268.7148,2.5374,58.2625,0.3598,2.6456,12.8305,1.7506,2.4565
买1+2,买扫|A_LO=-6.0%·A_HI=4.0%·B_HI=7.0%·B×=0.98·C×=0.97,-0.06,0.04,0.07,0.98,0.97,False,163,340.1162,170.0581,2.0866,0.2884,55.2147,7.2349,33.2566,1.5728,2.0221,56.8,134.9961,269.9921,2.3767,56.338,0.3311,2.676,10.7476,1.7666,2.2713
买1+2,买扫|A_LO=-5.0%·A_HI=4.0%·B_HI=7.0%·B×=0.98·C×=0.97,-0.05,0.04,0.07,0.98,0.97,False,163,340.1162,170.0581,2.0866,0.2884,55.2147,7.2349,33.2566,1.5728,2.0221,56.8,134.9961,269.9921,2.3767,56.338,0.3311,2.676,10.7476,1.7666,2.2713
买1+2,买扫|A_LO=-4.0%·A_HI=4.0%·B_HI=7.0%·B×=0.98·C×=0.97,-0.04,0.04,0.07,0.98,0.97,False,163,340.1162,170.0581,2.0866,0.2884,55.2147,7.2349,33.2566,1.5728,2.0221,56.8,134.9961,269.9921,2.3767,56.338,0.3311,2.676,10.7476,1.7666,2.2713
买1+2,买扫|A_LO=-6.0%·A_HI=3.0%·B_HI=7.0%·B×=0.97·C×=0.96,-0.06,0.03,0.07,0.97,0.96,False,151,338.7144,169.3572,2.2431,0.3136,57.6159,7.1523,24.5131,1.529,2.1807,53.4,139.0094,278.0189,2.6032,59.2697,0.3669,2.6936,10.9661,1.7632,2.5147
买1+2,基准|买扫|A_LO=-5.0%·A_HI=3.0%·B_HI=7.0%·B×=0.97·C×=0.96,-0.05,0.03,0.07,0.97,0.96,True,151,338.7144,169.3572,2.2431,0.3136,57.6159,7.1523,24.5131,1.529,2.1807,53.4,139.0094,278.0189,2.6032,59.2697,0.3669,2.6936,10.9661,1.7632,2.5147
买1+2,买扫|A_LO=-4.0%·A_HI=3.0%·B_HI=7.0%·B×=0.97·C×=0.96,-0.04,0.03,0.07,0.97,0.96,False,151,338.7144,169.3572,2.2431,0.3136,57.6159,7.1523,24.5131,1.529,2.1807,53.4,139.0094,278.0189,2.6032,59.2697,0.3669,2.6936,10.9661,1.7632,2.5147
买1+2,买扫|A_LO=-6.0%·A_HI=4.0%·B_HI=8.0%·B×=0.98·C×=0.97,-0.06,0.04,0.08,0.98,0.97,False,163,337.0868,168.5434,2.068,0.2855,54.6012,7.2437,33.2566,1.6016,2.0076,56.8,134.2387,268.4775,2.3634,55.8979,0.3289,2.678,10.7476,1.802,2.2589
买1+2,买扫|A_LO=-5.0%·A_HI=4.0%·B_HI=8.0%·B×=0.98·C×=0.97,-0.05,0.04,0.08,0.98,0.97,False,163,337.0868,168.5434,2.068,0.2855,54.6012,7.2437,33.2566,1.6016,2.0076,56.8,134.2387,268.4775,2.3634,55.8979,0.3289,2.678,10.7476,1.802,2.2589
买1+2,买扫|A_LO=-4.0%·A_HI=4.0%·B_HI=8.0%·B×=0.98·C×=0.97,-0.04,0.04,0.08,0.98,0.97,False,163,337.0868,168.5434,2.068,0.2855,54.6012,7.2437,33.2566,1.6016,2.0076,56.8,134.2387,268.4775,2.3634,55.8979,0.3289,2.678,10.7476,1.802,2.2589
买1+2,买扫|A_LO=-6.0%·A_HI=3.0%·B_HI=8.0%·B×=0.97·C×=0.96,-0.06,0.03,0.08,0.97,0.96,False,151,335.6219,167.811,2.2227,0.3104,57.6159,7.1596,24.5131,1.5187,2.166,53.4,138.2363,276.4726,2.5887,59.2697,0.3645,2.6955,10.9661,1.7545,2.5023
买1+2,买扫|A_LO=-5.0%·A_HI=3.0%·B_HI=8.0%·B×=0.97·C×=0.96,-0.05,0.03,0.08,0.97,0.96,False,151,335.6219,167.811,2.2227,0.3104,57.6159,7.1596,24.5131,1.5187,2.166,53.4,138.2363,276.4726,2.5887,59.2697,0.3645,2.6955,10.9661,1.7545,2.5023
买1+2,买扫|A_LO=-4.0%·A_HI=3.0%·B_HI=8.0%·B×=0.97·C×=0.96,-0.04,0.03,0.08,0.97,0.96,False,151,335.6219,167.811,2.2227,0.3104,57.6159,7.1596,24.5131,1.5187,2.166,53.4,138.2363,276.4726,2.5887,59.2697,0.3645,2.6955,10.9661,1.7545,2.5023
买1+2,买扫|A_LO=-6.0%·A_HI=4.0%·B_HI=6.0%·B×=0.97·C×=0.97,-0.06,0.04,0.06,0.97,0.97,False,160,335.2586,167.6293,2.0954,0.2903,55.625,7.2191,32.5686,1.5642,2.0473,55.95,133.4613,266.9225,2.3854,56.7471,0.3332,2.6781,11.9936,1.758,2.3009
买1+2,买扫|A_LO=-6.0%·A_HI=4.0%·B_HI=7.0%·B×=0.97·C×=0.97,-0.06,0.04,0.07,0.97,0.97,False,160,335.2586,167.6293,2.0954,0.2903,55.625,7.2191,32.5686,1.5642,2.0473,55.95,133.4613,266.9225,2.3854,56.7471,0.3332,2.6781,11.9936,1.758,2.3009
买1+2,买扫|A_LO=-6.0%·A_HI=4.0%·B_HI=8.0%·B×=0.97·C×=0.97,-0.06,0.04,0.08,0.97,0.97,False,160,335.2586,167.6293,2.0954,0.2903,55.625,7.2191,32.5686,1.5642,2.0473,55.95,133.4613,266.9225,2.3854,56.7471,0.3332,2.6781,11.9936,1.758,2.3009
买1+2,买扫|A_LO=-5.0%·A_HI=4.0%·B_HI=6.0%·B×=0.97·C×=0.97,-0.05,0.04,0.06,0.97,0.97,False,160,335.2586,167.6293,2.0954,0.2903,55.625,7.2191,32.5686,1.5642,2.0473,55.95,133.4613,266.9225,2.3854,56.7471,0.3332,2.6781,11.9936,1.758,2.3009
买1+2,买扫|A_LO=-5.0%·A_HI=4.0%·B_HI=7.0%·B×=0.97·C×=0.97,-0.05,0.04,0.07,0.97,0.97,False,160,335.2586,167.6293,2.0954,0.2903,55.625,7.2191,32.5686,1.5642,2.0473,55.95,133.4613,266.9225,2.3854,56.7471,0.3332,2.6781,11.9936,1.758,2.3009
买1+2,买扫|A_LO=-5.0%·A_HI=4.0%·B_HI=8.0%·B×=0.97·C×=0.97,-0.05,0.04,0.08,0.97,0.97,False,160,335.2586,167.6293,2.0954,0.2903,55.625,7.2191,32.5686,1.5642,2.0473,55.95,133.4613,266.9225,2.3854,56.7471,0.3332,2.6781,11.9936,1.758,2.3009
买1+2,买扫|A_LO=-4.0%·A_HI=4.0%·B_HI=6.0%·B×=0.97·C×=0.97,-0.04,0.04,0.06,0.97,0.97,False,160,335.2586,167.6293,2.0954,0.2903,55.625,7.2191,32.5686,1.5642,2.0473,55.95,133.4613,266.9225,2.3854,56.7471,0.3332,2.6781,11.9936,1.758,2.3009
买1+2,买扫|A_LO=-4.0%·A_HI=4.0%·B_HI=7.0%·B×=0.97·C×=0.97,-0.04,0.04,0.07,0.97,0.97,False,160,335.2586,167.6293,2.0954,0.2903,55.625,7.2191,32.5686,1.5642,2.0473,55.95,133.4613,266.9225,2.3854,56.7471,0.3332,2.6781,11.9936,1.758,2.3009
买1+2,买扫|A_LO=-4.0%·A_HI=4.0%·B_HI=8.0%·B×=0.97·C×=0.97,-0.04,0.04,0.08,0.97,0.97,False,160,335.2586,167.6293,2.0954,0.2903,55.625,7.2191,32.5686,1.5642,2.0473,55.95,133.4613,266.9225,2.3854,56.7471,0.3332,2.6781,11.9936,1.758,2.3009
买1+2,买扫|A_LO=-6.0%·A_HI=2.0%·B_HI=7.0%·B×=0.98·C×=0.97,-0.06,0.02,0.07,0.98,0.97,False,152,332.4229,166.2115,2.187,0.3068,56.5789,7.1285,27.6391,1.5533,2.1203,52.95,132.3034,264.6069,2.4986,57.7904,0.3538,2.6495,13.2902,1.7683,2.4139
买1+2,买扫|A_LO=-5.0%·A_HI=2.0%·B_HI=7.0%·B×=0.98·C×=0.97,-0.05,0.02,0.07,0.98,0.97,False,152,332.4229,166.2115,2.187,0.3068,56.5789,7.1285,27.6391,1.5533,2.1203,52.95,132.3034,264.6069,2.4986,57.7904,0.3538,2.6495,13.2902,1.7683,2.4139
买1+2,买扫|A_LO=-4.0%·A_HI=2.0%·B_HI=7.0%·B×=0.98·C×=0.97,-0.04,0.02,0.07,0.98,0.97,False,152,332.4229,166.2115,2.187,0.3068,56.5789,7.1285,27.6391,1.5533,2.1203,52.95,132.3034,264.6069,2.4986,57.7904,0.3538,2.6495,13.2902,1.7683,2.4139
买1+2,买扫|A_LO=-6.0%·A_HI=3.0%·B_HI=7.0%·B×=0.98·C×=0.96,-0.06,0.03,0.07,0.98,0.96,False,156,331.8312,165.9156,2.1271,0.2971,56.4103,7.1586,26.8471,1.5351,2.0783,54.95,136.435,272.87,2.4829,58.0528,0.3491,2.6868,9.6287,1.7643,2.3886
买1+2,买扫|A_LO=-5.0%·A_HI=3.0%·B_HI=7.0%·B×=0.98·C×=0.96,-0.05,0.03,0.07,0.98,0.96,False,156,331.8312,165.9156,2.1271,0.2971,56.4103,7.1586,26.8471,1.5351,2.0783,54.95,136.435,272.87,2.4829,58.0528,0.3491,2.6868,9.6287,1.7643,2.3886
买1+2,买扫|A_LO=-4.0%·A_HI=3.0%·B_HI=7.0%·B×=0.98·C×=0.96,-0.04,0.03,0.07,0.98,0.96,False,156,331.8312,165.9156,2.1271,0.2971,56.4103,7.1586,26.8471,1.5351,2.0783,54.95,136.435,272.87,2.4829,58.0528,0.3491,2.6868,9.6287,1.7643,2.3886
买1+2,买扫|A_LO=-6.0%·A_HI=3.0%·B_HI=7.0%·B×=0.97·C×=0.95,-0.06,0.03,0.07,0.97,0.95,False,148,331.2862,165.6431,2.2384,0.3159,57.4324,7.0865,24.5131,1.5541,2.2017,52.8,137.6817,275.3633,2.6076,59.1856,0.3695,2.7054,10.9661,1.7919,2.5385
买1+2,买扫|A_LO=-5.0%·A_HI=3.0%·B_HI=7.0%·B×=0.97·C×=0.95,-0.05,0.03,0.07,0.97,0.95,False,148,331.2862,165.6431,2.2384,0.3159,57.4324,7.0865,24.5131,1.5541,2.2017,52.8,137.6817,275.3633,2.6076,59.1856,0.3695,2.7054,10.9661,1.7919,2.5385
买1+2,买扫|A_LO=-4.0%·A_HI=3.0%·B_HI=7.0%·B×=0.97·C×=0.95,-0.04,0.03,0.07,0.97,0.95,False,148,331.2862,165.6431,2.2384,0.3159,57.4324,7.0865,24.5131,1.5541,2.2017,52.8,137.6817,275.3633,2.6076,59.1856,0.3695,2.7054,10.9661,1.7919,2.5385
买1+2,买扫|A_LO=-6.0%·A_HI=3.0%·B_HI=6.0%·B×=0.98·C×=0.96,-0.06,0.03,0.06,0.98,0.96,False,153,331.2281,165.614,2.1649,0.3041,58.1699,7.1192,26.8471,1.4571,2.126,54.2,136.2842,272.5684,2.5145,59.3173,0.355,2.6934,10.2823,1.6701,2.4367
买1+2,买扫|A_LO=-5.0%·A_HI=3.0%·B_HI=6.0%·B×=0.98·C×=0.96,-0.05,0.03,0.06,0.98,0.96,False,153,331.2281,165.614,2.1649,0.3041,58.1699,7.1192,26.8471,1.4571,2.126,54.2,136.2842,272.5684,2.5145,59.3173,0.355,2.6934,10.2823,1.6701,2.4367
买1+2,买扫|A_LO=-4.0%·A_HI=3.0%·B_HI=6.0%·B×=0.98·C×=0.96,-0.04,0.03,0.06,0.98,0.96,False,153,331.2281,165.614,2.1649,0.3041,58.1699,7.1192,26.8471,1.4571,2.126,54.2,136.2842,272.5684,2.5145,59.3173,0.355,2.6934,10.2823,1.6701,2.4367
买1+2,买扫|A_LO=-6.0%·A_HI=2.0%·B_HI=6.0%·B×=0.97·C×=0.97,-0.06,0.02,0.06,0.97,0.97,False,144,329.9164,164.9582,2.2911,0.3208,57.6389,7.1407,23.8315,1.5437,2.2091,50.35,131.5915,263.1829,2.6135,58.8878,0.37,2.6657,10.5198,1.7674,2.5292
买1+2,买扫|A_LO=-6.0%·A_HI=2.0%·B_HI=7.0%·B×=0.97·C×=0.97,-0.06,0.02,0.07,0.97,0.97,False,144,329.9164,164.9582,2.2911,0.3208,57.6389,7.1407,23.8315,1.5437,2.2091,50.35,131.5915,263.1829,2.6135,58.8878,0.37,2.6657,10.5198,1.7674,2.5292
买1+2,买扫|A_LO=-6.0%·A_HI=2.0%·B_HI=8.0%·B×=0.97·C×=0.97,-0.06,0.02,0.08,0.97,0.97,False,144,329.9164,164.9582,2.2911,0.3208,57.6389,7.1407,23.8315,1.5437,2.2091,50.35,131.5915,263.1829,2.6135,58.8878,0.37,2.6657,10.5198,1.7674,2.5292
买1+2,买扫|A_LO=-5.0%·A_HI=2.0%·B_HI=6.0%·B×=0.97·C×=0.97,-0.05,0.02,0.06,0.97,0.97,False,144,329.9164,164.9582,2.2911,0.3208,57.6389,7.1407,23.8315,1.5437,2.2091,50.35,131.5915,263.1829,2.6135,58.8878,0.37,2.6657,10.5198,1.7674,2.5292
买1+2,买扫|A_LO=-5.0%·A_HI=2.0%·B_HI=7.0%·B×=0.97·C×=0.97,-0.05,0.02,0.07,0.97,0.97,False,144,329.9164,164.9582,2.2911,0.3208,57.6389,7.1407,23.8315,1.5437,2.2091,50.35,131.5915,263.1829,2.6135,58.8878,0.37,2.6657,10.5198,1.7674,2.5292
买1+2,买扫|A_LO=-5.0%·A_HI=2.0%·B_HI=8.0%·B×=0.97·C×=0.97,-0.05,0.02,0.08,0.97,0.97,False,144,329.9164,164.9582,2.2911,0.3208,57.6389,7.1407,23.8315,1.5437,2.2091,50.35,131.5915,263.1829,2.6135,58.8878,0.37,2.6657,10.5198,1.7674,2.5292
买1+2,买扫|A_LO=-4.0%·A_HI=2.0%·B_HI=6.0%·B×=0.97·C×=0.97,-0.04,0.02,0.06,0.97,0.97,False,144,329.9164,164.9582,2.2911,0.3208,57.6389,7.1407,23.8315,1.5437,2.2091,50.35,131.5915,263.1829,2.6135,58.8878,0.37,2.6657,10.5198,1.7674,2.5292
买1+2,买扫|A_LO=-4.0%·A_HI=2.0%·B_HI=7.0%·B×=0.97·C×=0.97,-0.04,0.02,0.07,0.97,0.97,False,144,329.9164,164.9582,2.2911,0.3208,57.6389,7.1407,23.8315,1.5437,2.2091,50.35,131.5915,263.1829,2.6135,58.8878,0.37,2.6657,10.5198,1.7674,2.5292
买1+2,买扫|A_LO=-4.0%·A_HI=2.0%·B_HI=8.0%·B×=0.97·C×=0.97,-0.04,0.02,0.08,0.97,0.97,False,144,329.9164,164.9582,2.2911,0.3208,57.6389,7.1407,23.8315,1.5437,2.2091,50.35,131.5915,263.1829,2.6135,58.8878,0.37,2.6657,10.5198,1.7674,2.5292
买1+2,买扫|A_LO=-6.0%·A_HI=3.0%·B_HI=6.0%·B×=0.97·C×=0.96,-0.06,0.03,0.06,0.97,0.96,False,148,329.8954,164.9477,2.229,0.3129,58.7838,7.1248,24.5131,1.4561,2.1841,52.65,136.8047,273.6094,2.5984,60.114,0.3672,2.7044,11.3085,1.6834,2.525
买1+2,买扫|A_LO=-5.0%·A_HI=3.0%·B_HI=6.0%·B×=0.97·C×=0.96,-0.05,0.03,0.06,0.97,0.96,False,148,329.8954,164.9477,2.229,0.3129,58.7838,7.1248,24.5131,1.4561,2.1841,52.65,136.8047,273.6094,2.5984,60.114,0.3672,2.7044,11.3085,1.6834,2.525
买1+2,买扫|A_LO=-4.0%·A_HI=3.0%·B_HI=6.0%·B×=0.97·C×=0.96,-0.04,0.03,0.06,0.97,0.96,False,148,329.8954,164.9477,2.229,0.3129,58.7838,7.1248,24.5131,1.4561,2.1841,52.65,136.8047,273.6094,2.5984,60.114,0.3672,2.7044,11.3085,1.6834,2.525
买1+2,买扫|A_LO=-6.0%·A_HI=2.0%·B_HI=8.0%·B×=0.98·C×=0.97,-0.06,0.02,0.08,0.98,0.97,False,152,329.3936,164.6968,2.1671,0.3036,55.9211,7.1384,27.6391,1.5838,2.1035,52.95,131.5461,263.0922,2.4843,57.3182,0.3514,2.6518,13.2902,1.8064,2.3991
买1+2,买扫|A_LO=-5.0%·A_HI=2.0%·B_HI=8.0%·B×=0.98·C×=0.97,-0.05,0.02,0.08,0.98,0.97,False,152,329.3936,164.6968,2.1671,0.3036,55.9211,7.1384,27.6391,1.5838,2.1035,52.95,131.5461,263.0922,2.4843,57.3182,0.3514,2.6518,13.2902,1.8064,2.3991
买1+2,买扫|A_LO=-4.0%·A_HI=2.0%·B_HI=8.0%·B×=0.98·C×=0.97,-0.04,0.02,0.08,0.98,0.97,False,152,329.3936,164.6968,2.1671,0.3036,55.9211,7.1384,27.6391,1.5838,2.1035,52.95,131.5461,263.0922,2.4843,57.3182,0.3514,2.6518,13.2902,1.8064,2.3991
买1+2,买扫|A_LO=-6.0%·A_HI=3.0%·B_HI=6.0%·B×=0.98·C×=0.95,-0.06,0.03,0.06,0.98,0.95,False,149,327.3269,163.6634,2.1968,0.3109,58.3893,7.0654,27.2277,1.467,2.1632,53.35,135.8382,271.6764,2.5462,59.5127,0.3611,2.7109,12.5029,1.6775,2.4736
买1+2,买扫|A_LO=-5.0%·A_HI=3.0%·B_HI=6.0%·B×=0.98·C×=0.95,-0.05,0.03,0.06,0.98,0.95,False,149,327.3269,163.6634,2.1968,0.3109,58.3893,7.0654,27.2277,1.467,2.1632,53.35,135.8382,271.6764,2.5462,59.5127,0.3611,2.7109,12.5029,1.6775,2.4736
买1+2,买扫|A_LO=-4.0%·A_HI=3.0%·B_HI=6.0%·B×=0.98·C×=0.95,-0.04,0.03,0.06,0.98,0.95,False,149,327.3269,163.6634,2.1968,0.3109,58.3893,7.0654,27.2277,1.467,2.1632,53.35,135.8382,271.6764,2.5462,59.5127,0.3611,2.7109,12.5029,1.6775,2.4736
买1+2,买扫|A_LO=-6.0%·A_HI=2.0%·B_HI=6.0%·B×=0.96·C×=0.97,-0.06,0.02,0.06,0.96,0.97,False,137,327.2947,163.6473,2.389,0.332,58.3942,7.1967,24.2886,1.5366,2.2765,48.1,132.3648,264.7296,2.7519,59.8753,0.3867,2.7041,11.1009,1.7836,2.6424
买1+2,买扫|A_LO=-5.0%·A_HI=2.0%·B_HI=6.0%·B×=0.96·C×=0.97,-0.05,0.02,0.06,0.96,0.97,False,137,327.2947,163.6473,2.389,0.332,58.3942,7.1967,24.2886,1.5366,2.2765,48.1,132.3648,264.7296,2.7519,59.8753,0.3867,2.7041,11.1009,1.7836,2.6424
买1+2,买扫|A_LO=-4.0%·A_HI=2.0%·B_HI=6.0%·B×=0.96·C×=0.97,-0.04,0.02,0.06,0.96,0.97,False,137,327.2947,163.6473,2.389,0.332,58.3942,7.1967,24.2886,1.5366,2.2765,48.1,132.3648,264.7296,2.7519,59.8753,0.3867,2.7041,11.1009,1.7836,2.6424
买1+2,买扫|A_LO=-6.0%·A_HI=3.0%·B_HI=6.0%·B×=0.97·C×=0.95,-0.06,0.03,0.06,0.97,0.95,False,144,325.9942,162.9971,2.2638,0.3203,59.0278,7.0689,24.5131,1.4667,2.2263,51.8,136.3587,272.7173,2.6324,60.3282,0.3737,2.7225,11.3085,1.6911,2.5669
买1+2,买扫|A_LO=-5.0%·A_HI=3.0%·B_HI=6.0%·B×=0.97·C×=0.95,-0.05,0.03,0.06,0.97,0.95,False,144,325.9942,162.9971,2.2638,0.3203,59.0278,7.0689,24.5131,1.4667,2.2263,51.8,136.3587,272.7173,2.6324,60.3282,0.3737,2.7225,11.3085,1.6911,2.5669
买1+2,买扫|A_LO=-4.0%·A_HI=3.0%·B_HI=6.0%·B×=0.97·C×=0.95,-0.04,0.03,0.06,0.97,0.95,False,144,325.9942,162.9971,2.2638,0.3203,59.0278,7.0689,24.5131,1.4667,2.2263,51.8,136.3587,272.7173,2.6324,60.3282,0.3737,2.7225,11.3085,1.6911,2.5669
买1+2,买扫|A_LO=-6.0%·A_HI=3.0%·B_HI=8.0%·B×=0.98·C×=0.96,-0.06,0.03,0.08,0.98,0.96,False,156,325.7094,162.8547,2.0879,0.291,55.7692,7.1747,26.8471,1.5544,2.049,54.95,134.9045,269.8091,2.455,57.5978,0.3446,2.6908,9.6287,1.793,2.3635
买1+2,买扫|A_LO=-5.0%·A_HI=3.0%·B_HI=8.0%·B×=0.98·C×=0.96,-0.05,0.03,0.08,0.98,0.96,False,156,325.7094,162.8547,2.0879,0.291,55.7692,7.1747,26.8471,1.5544,2.049,54.95,134.9045,269.8091,2.455,57.5978,0.3446,2.6908,9.6287,1.793,2.3635
买1+2,买扫|A_LO=-4.0%·A_HI=3.0%·B_HI=8.0%·B×=0.98·C×=0.96,-0.04,0.03,0.08,0.98,0.96,False,156,325.7094,162.8547,2.0879,0.291,55.7692,7.1747,26.8471,1.5544,2.049,54.95,134.9045,269.8091,2.455,57.5978,0.3446,2.6908,9.6287,1.793,2.3635
买1+2,买扫|A_LO=-6.0%·A_HI=3.0%·B_HI=8.0%·B×=0.97·C×=0.95,-0.06,0.03,0.08,0.97,0.95,False,148,325.0362,162.5181,2.1962,0.3094,57.4324,7.0984,24.5131,1.5323,2.1707,52.8,136.1192,272.2383,2.578,59.1856,0.3648,2.7088,10.9661,1.7738,2.5128
买1+2,买扫|A_LO=-5.0%·A_HI=3.0%·B_HI=8.0%·B×=0.97·C×=0.95,-0.05,0.03,0.08,0.97,0.95,False,148,325.0362,162.5181,2.1962,0.3094,57.4324,7.0984,24.5131,1.5323,2.1707,52.8,136.1192,272.2383,2.578,59.1856,0.3648,2.7088,10.9661,1.7738,2.5128
买1+2,买扫|A_LO=-4.0%·A_HI=3.0%·B_HI=8.0%·B×=0.97·C×=0.95,-0.04,0.03,0.08,0.97,0.95,False,148,325.0362,162.5181,2.1962,0.3094,57.4324,7.0984,24.5131,1.5323,2.1707,52.8,136.1192,272.2383,2.578,59.1856,0.3648,2.7088,10.9661,1.7738,2.5128
买1+2,买扫|A_LO=-6.0%·A_HI=3.0%·B_HI=7.0%·B×=0.98·C×=0.95,-0.06,0.03,0.07,0.98,0.95,False,153,324.4031,162.2015,2.1203,0.2988,56.2092,7.095,24.0947,1.5582,2.0939,54.35,135.1072,270.2145,2.4859,57.9577,0.3513,2.6983,9.6287,1.7919,2.4079
买1+2,买扫|A_LO=-5.0%·A_HI=3.0%·B_HI=7.0%·B×=0.98·C×=0.95,-0.05,0.03,0.07,0.98,0.95,False,153,324.4031,162.2015,2.1203,0.2988,56.2092,7.095,24.0947,1.5582,2.0939,54.35,135.1072,270.2145,2.4859,57.9577,0.3513,2.6983,9.6287,1.7919,2.4079
买1+2,买扫|A_LO=-4.0%·A_HI=3.0%·B_HI=7.0%·B×=0.98·C×=0.95,-0.04,0.03,0.07,0.98,0.95,False,153,324.4031,162.2015,2.1203,0.2988,56.2092,7.095,24.0947,1.5582,2.0939,54.35,135.1072,270.2145,2.4859,57.9577,0.3513,2.6983,9.6287,1.7919,2.4079
买1+2,买扫|A_LO=-6.0%·A_HI=3.0%·B_HI=6.0%·B×=0.96·C×=0.96,-0.06,0.03,0.06,0.96,0.96,False,143,321.9227,160.9614,2.2512,0.3148,59.4406,7.152,23.3204,1.4256,2.2031,51.1,135.7052,271.4104,2.6557,60.9589,0.3738,2.7325,9.9884,1.6663,2.5752
买1+2,买扫|A_LO=-6.0%·A_HI=3.0%·B_HI=7.0%·B×=0.96·C×=0.96,-0.06,0.03,0.07,0.96,0.96,False,143,321.9227,160.9614,2.2512,0.3148,59.4406,7.152,23.3204,1.4256,2.2031,51.1,135.7052,271.4104,2.6557,60.9589,0.3738,2.7325,9.9884,1.6663,2.5752
买1+2,买扫|A_LO=-6.0%·A_HI=3.0%·B_HI=8.0%·B×=0.96·C×=0.96,-0.06,0.03,0.08,0.96,0.96,False,143,321.9227,160.9614,2.2512,0.3148,59.4406,7.152,23.3204,1.4256,2.2031,51.1,135.7052,271.4104,2.6557,60.9589,0.3738,2.7325,9.9884,1.6663,2.5752
买1+2,买扫|A_LO=-5.0%·A_HI=3.0%·B_HI=6.0%·B×=0.96·C×=0.96,-0.05,0.03,0.06,0.96,0.96,False,143,321.9227,160.9614,2.2512,0.3148,59.4406,7.152,23.3204,1.4256,2.2031,51.1,135.7052,271.4104,2.6557,60.9589,0.3738,2.7325,9.9884,1.6663,2.5752
买1+2,买扫|A_LO=-5.0%·A_HI=3.0%·B_HI=7.0%·B×=0.96·C×=0.96,-0.05,0.03,0.07,0.96,0.96,False,143,321.9227,160.9614,2.2512,0.3148,59.4406,7.152,23.3204,1.4256,2.2031,51.1,135.7052,271.4104,2.6557,60.9589,0.3738,2.7325,9.9884,1.6663,2.5752
买1+2,买扫|A_LO=-5.0%·A_HI=3.0%·B_HI=8.0%·B×=0.96·C×=0.96,-0.05,0.03,0.08,0.96,0.96,False,143,321.9227,160.9614,2.2512,0.3148,59.4406,7.152,23.3204,1.4256,2.2031,51.1,135.7052,271.4104,2.6557,60.9589,0.3738,2.7325,9.9884,1.6663,2.5752
买1+2,买扫|A_LO=-4.0%·A_HI=3.0%·B_HI=6.0%·B×=0.96·C×=0.96,-0.04,0.03,0.06,0.96,0.96,False,143,321.9227,160.9614,2.2512,0.3148,59.4406,7.152,23.3204,1.4256,2.2031,51.1,135.7052,271.4104,2.6557,60.9589,0.3738,2.7325,9.9884,1.6663,2.5752
买1+2,买扫|A_LO=-4.0%·A_HI=3.0%·B_HI=7.0%·B×=0.96·C×=0.96,-0.04,0.03,0.07,0.96,0.96,False,143,321.9227,160.9614,2.2512,0.3148,59.4406,7.152,23.3204,1.4256,2.2031,51.1,135.7052,271.4104,2.6557,60.9589,0.3738,2.7325,9.9884,1.6663,2.5752
买1+2,买扫|A_LO=-4.0%·A_HI=3.0%·B_HI=8.0%·B×=0.96·C×=0.96,-0.04,0.03,0.08,0.96,0.96,False,143,321.9227,160.9614,2.2512,0.3148,59.4406,7.152,23.3204,1.4256,2.2031,51.1,135.7052,271.4104,2.6557,60.9589,0.3738,2.7325,9.9884,1.6663,2.5752
买1+2,买扫|A_LO=-6.0%·A_HI=2.0%·B_HI=8.0%·B×=0.96·C×=0.97,-0.06,0.02,0.08,0.96,0.97,False,134,321.5682,160.7841,2.3998,0.3352,59.7015,7.159,29.5981,1.4669,2.301,47.35,130.9332,261.8664,2.7652,60.8237,0.3901,2.7139,13.0961,1.7037,2.6725
买1+2,买扫|A_LO=-5.0%·A_HI=2.0%·B_HI=8.0%·B×=0.96·C×=0.97,-0.05,0.02,0.08,0.96,0.97,False,134,321.5682,160.7841,2.3998,0.3352,59.7015,7.159,29.5981,1.4669,2.301,47.35,130.9332,261.8664,2.7652,60.8237,0.3901,2.7139,13.0961,1.7037,2.6725
买1+2,买扫|A_LO=-4.0%·A_HI=2.0%·B_HI=8.0%·B×=0.96·C×=0.97,-0.04,0.02,0.08,0.96,0.97,False,134,321.5682,160.7841,2.3998,0.3352,59.7015,7.159,29.5981,1.4669,2.301,47.35,130.9332,261.8664,2.7652,60.8237,0.3901,2.7139,13.0961,1.7037,2.6725
买1+2,买扫|A_LO=-6.0%·A_HI=4.0%·B_HI=6.0%·B×=0.96·C×=0.97,-0.06,0.04,0.06,0.96,0.97,False,156,319.6857,159.8428,2.0493,0.283,55.1282,7.2411,31.8662,1.5723,2.0182,54.75,129.7017,259.4033,2.369,56.4384,0.3296,2.7021,13.3008,1.7821,2.2874
买1+2,买扫|A_LO=-5.0%·A_HI=4.0%·B_HI=6.0%·B×=0.96·C×=0.97,-0.05,0.04,0.06,0.96,0.97,False,156,319.6857,159.8428,2.0493,0.283,55.1282,7.2411,31.8662,1.5723,2.0182,54.75,129.7017,259.4033,2.369,56.4384,0.3296,2.7021,13.3008,1.7821,2.2874
买1+2,买扫|A_LO=-4.0%·A_HI=4.0%·B_HI=6.0%·B×=0.96·C×=0.97,-0.04,0.04,0.06,0.96,0.97,False,156,319.6857,159.8428,2.0493,0.283,55.1282,7.2411,31.8662,1.5723,2.0182,54.75,129.7017,259.4033,2.369,56.4384,0.3296,2.7021,13.3008,1.7821,2.2874
买1+2,买扫|A_LO=-6.0%·A_HI=2.0%·B_HI=7.0%·B×=0.96·C×=0.97,-0.06,0.02,0.07,0.96,0.97,False,134,318.4757,159.2379,2.3767,0.3316,59.7015,7.1678,29.5981,1.4557,2.2835,47.35,130.1601,260.3201,2.7489,60.8237,0.3874,2.7161,13.0961,1.6942,2.6575
买1+2,买扫|A_LO=-5.0%·A_HI=2.0%·B_HI=7.0%·B×=0.96·C×=0.97,-0.05,0.02,0.07,0.96,0.97,False,134,318.4757,159.2379,2.3767,0.3316,59.7015,7.1678,29.5981,1.4557,2.2835,47.35,130.1601,260.3201,2.7489,60.8237,0.3874,2.7161,13.0961,1.6942,2.6575
买1+2,买扫|A_LO=-4.0%·A_HI=2.0%·B_HI=7.0%·B×=0.96·C×=0.97,-0.04,0.02,0.07,0.96,0.97,False,134,318.4757,159.2379,2.3767,0.3316,59.7015,7.1678,29.5981,1.4557,2.2835,47.35,130.1601,260.3201,2.7489,60.8237,0.3874,2.7161,13.0961,1.6942,2.6575
买1+2,买扫|A_LO=-6.0%·A_HI=3.0%·B_HI=6.0%·B×=0.96·C×=0.95,-0.06,0.03,0.06,0.96,0.95,False,139,318.0215,159.0108,2.2879,0.3225,59.7122,7.095,22.5133,1.4355,2.2481,50.25,135.2592,270.5183,2.6917,61.194,0.3806,2.7516,9.9884,1.6733,2.6204
买1+2,买扫|A_LO=-5.0%·A_HI=3.0%·B_HI=6.0%·B×=0.96·C×=0.95,-0.05,0.03,0.06,0.96,0.95,False,139,318.0215,159.0108,2.2879,0.3225,59.7122,7.095,22.5133,1.4355,2.2481,50.25,135.2592,270.5183,2.6917,61.194,0.3806,2.7516,9.9884,1.6733,2.6204
买1+2,买扫|A_LO=-4.0%·A_HI=3.0%·B_HI=6.0%·B×=0.96·C×=0.95,-0.04,0.03,0.06,0.96,0.95,False,139,318.0215,159.0108,2.2879,0.3225,59.7122,7.095,22.5133,1.4355,2.2481,50.25,135.2592,270.5183,2.6917,61.194,0.3806,2.7516,9.9884,1.6733,2.6204
买1+2,买扫|A_LO=-6.0%·A_HI=3.0%·B_HI=8.0%·B×=0.98·C×=0.95,-0.06,0.03,0.08,0.98,0.95,False,153,315.1237,157.5618,2.0596,0.2895,55.5556,7.1154,24.0947,1.5672,2.0494,54.35,132.7874,265.5748,2.4432,57.4977,0.3445,2.7037,9.6287,1.8126,2.3703
买1+2,买扫|A_LO=-5.0%·A_HI=3.0%·B_HI=8.0%·B×=0.98·C×=0.95,-0.05,0.03,0.08,0.98,0.95,False,153,315.1237,157.5618,2.0596,0.2895,55.5556,7.1154,24.0947,1.5672,2.0494,54.35,132.7874,265.5748,2.4432,57.4977,0.3445,2.7037,9.6287,1.8126,2.3703
买1+2,买扫|A_LO=-4.0%·A_HI=3.0%·B_HI=8.0%·B×=0.98·C×=0.95,-0.04,0.03,0.08,0.98,0.95,False,153,315.1237,157.5618,2.0596,0.2895,55.5556,7.1154,24.0947,1.5672,2.0494,54.35,132.7874,265.5748,2.4432,57.4977,0.3445,2.7037,9.6287,1.8126,2.3703
买1+2,买扫|A_LO=-6.0%·A_HI=3.0%·B_HI=7.0%·B×=0.96·C×=0.95,-0.06,0.03,0.07,0.96,0.95,False,140,314.4945,157.2473,2.2464,0.3172,59.2857,7.0824,22.5133,1.4487,2.2267,50.5,134.3774,268.7549,2.6609,60.8911,0.3766,2.7455,9.9884,1.6931,2.6023
买1+2,买扫|A_LO=-5.0%·A_HI=3.0%·B_HI=7.0%·B×=0.96·C×=0.95,-0.05,0.03,0.07,0.96,0.95,False,140,314.4945,157.2473,2.2464,0.3172,59.2857,7.0824,22.5133,1.4487,2.2267,50.5,134.3774,268.7549,2.6609,60.8911,0.3766,2.7455,9.9884,1.6931,2.6023
买1+2,买扫|A_LO=-4.0%·A_HI=3.0%·B_HI=7.0%·B×=0.96·C×=0.95,-0.04,0.03,0.07,0.96,0.95,False,140,314.4945,157.2473,2.2464,0.3172,59.2857,7.0824,22.5133,1.4487,2.2267,50.5,134.3774,268.7549,2.6609,60.8911,0.3766,2.7455,9.9884,1.6931,2.6023
买1+2,买扫|A_LO=-6.0%·A_HI=4.0%·B_HI=8.0%·B×=0.96·C×=0.97,-0.06,0.04,0.08,0.96,0.97,False,153,313.9592,156.9796,2.052,0.2846,56.2092,7.2095,32.8975,1.5109,2.0303,54.0,128.27,256.5401,2.3754,57.2222,0.3316,2.711,14.9441,1.7139,2.3031
买1+2,买扫|A_LO=-5.0%·A_HI=4.0%·B_HI=8.0%·B×=0.96·C×=0.97,-0.05,0.04,0.08,0.96,0.97,False,153,313.9592,156.9796,2.052,0.2846,56.2092,7.2095,32.8975,1.5109,2.0303,54.0,128.27,256.5401,2.3754,57.2222,0.3316,2.711,14.9441,1.7139,2.3031
买1+2,买扫|A_LO=-4.0%·A_HI=4.0%·B_HI=8.0%·B×=0.96·C×=0.97,-0.04,0.04,0.08,0.96,0.97,False,153,313.9592,156.9796,2.052,0.2846,56.2092,7.2095,32.8975,1.5109,2.0303,54.0,128.27,256.5401,2.3754,57.2222,0.3316,2.711,14.9441,1.7139,2.3031
买1+2,买扫|A_LO=-6.0%·A_HI=4.0%·B_HI=7.0%·B×=0.98·C×=0.96,-0.06,0.04,0.07,0.98,0.96,False,159,312.2226,156.1113,1.9637,0.2729,54.0881,7.1953,31.1491,1.5912,1.9549,56.0,129.572,259.1439,2.3138,55.7143,0.3233,2.6983,11.1418,1.8186,2.2343
买1+2,买扫|A_LO=-5.0%·A_HI=4.0%·B_HI=7.0%·B×=0.98·C×=0.96,-0.05,0.04,0.07,0.98,0.96,False,159,312.2226,156.1113,1.9637,0.2729,54.0881,7.1953,31.1491,1.5912,1.9549,56.0,129.572,259.1439,2.3138,55.7143,0.3233,2.6983,11.1418,1.8186,2.2343
买1+2,买扫|A_LO=-4.0%·A_HI=4.0%·B_HI=7.0%·B×=0.98·C×=0.96,-0.04,0.04,0.07,0.98,0.96,False,159,312.2226,156.1113,1.9637,0.2729,54.0881,7.1953,31.1491,1.5912,1.9549,56.0,129.572,259.1439,2.3138,55.7143,0.3233,2.6983,11.1418,1.8186,2.2343
买1+2,买扫|A_LO=-6.0%·A_HI=4.0%·B_HI=6.0%·B×=0.98·C×=0.96,-0.06,0.04,0.06,0.98,0.96,False,156,311.6194,155.8097,1.9976,0.279,55.7692,7.1585,32.8771,1.513,1.9944,55.25,129.4212,258.8423,2.3425,56.9231,0.3285,2.7052,14.8622,1.7251,2.2741
买1+2,买扫|A_LO=-5.0%·A_HI=4.0%·B_HI=6.0%·B×=0.98·C×=0.96,-0.05,0.04,0.06,0.98,0.96,False,156,311.6194,155.8097,1.9976,0.279,55.7692,7.1585,32.8771,1.513,1.9944,55.25,129.4212,258.8423,2.3425,56.9231,0.3285,2.7052,14.8622,1.7251,2.2741
买1+2,买扫|A_LO=-4.0%·A_HI=4.0%·B_HI=6.0%·B×=0.98·C×=0.96,-0.04,0.04,0.06,0.98,0.96,False,156,311.6194,155.8097,1.9976,0.279,55.7692,7.1585,32.8771,1.513,1.9944,55.25,129.4212,258.8423,2.3425,56.9231,0.3285,2.7052,14.8622,1.7251,2.2741
买1+2,买扫|A_LO=-6.0%·A_HI=3.0%·B_HI=8.0%·B×=0.96·C×=0.95,-0.06,0.03,0.08,0.96,0.95,False,140,311.337,155.6685,2.2238,0.3138,59.2857,7.0872,22.5133,1.4376,2.2097,50.5,133.588,267.1761,2.6453,60.8911,0.3742,2.7471,9.9884,1.6839,2.5883
买1+2,买扫|A_LO=-5.0%·A_HI=3.0%·B_HI=8.0%·B×=0.96·C×=0.95,-0.05,0.03,0.08,0.96,0.95,False,140,311.337,155.6685,2.2238,0.3138,59.2857,7.0872,22.5133,1.4376,2.2097,50.5,133.588,267.1761,2.6453,60.8911,0.3742,2.7471,9.9884,1.6839,2.5883
买1+2,买扫|A_LO=-4.0%·A_HI=3.0%·B_HI=8.0%·B×=0.96·C×=0.95,-0.04,0.03,0.08,0.96,0.95,False,140,311.337,155.6685,2.2238,0.3138,59.2857,7.0872,22.5133,1.4376,2.2097,50.5,133.588,267.1761,2.6453,60.8911,0.3742,2.7471,9.9884,1.6839,2.5883
买1+2,买扫|A_LO=-6.0%·A_HI=4.0%·B_HI=7.0%·B×=0.96·C×=0.97,-0.06,0.04,0.07,0.96,0.97,False,153,310.8667,155.4333,2.0318,0.2816,56.2092,7.2161,32.8975,1.5009,2.0169,54.0,127.4969,254.9938,2.3611,57.2222,0.3294,2.7127,14.9441,1.7057,2.2921
买1+2,买扫|A_LO=-5.0%·A_HI=4.0%·B_HI=7.0%·B×=0.96·C×=0.97,-0.05,0.04,0.07,0.96,0.97,False,153,310.8667,155.4333,2.0318,0.2816,56.2092,7.2161,32.8975,1.5009,2.0169,54.0,127.4969,254.9938,2.3611,57.2222,0.3294,2.7127,14.9441,1.7057,2.2921
买1+2,买扫|A_LO=-4.0%·A_HI=4.0%·B_HI=7.0%·B×=0.96·C×=0.97,-0.04,0.04,0.07,0.96,0.97,False,153,310.8667,155.4333,2.0318,0.2816,56.2092,7.2161,32.8975,1.5009,2.0169,54.0,127.4969,254.9938,2.3611,57.2222,0.3294,2.7127,14.9441,1.7057,2.2921
买1+2,买扫|A_LO=-6.0%·A_HI=4.0%·B_HI=6.0%·B×=0.98·C×=0.95,-0.06,0.04,0.06,0.98,0.95,False,152,307.7182,153.8591,2.0245,0.2848,55.9211,7.1078,32.8771,1.5237,2.0236,54.4,128.9752,257.9503,2.3709,57.0772,0.3339,2.7231,14.8622,1.7348,2.3041
买1+2,买扫|A_LO=-5.0%·A_HI=4.0%·B_HI=6.0%·B×=0.98·C×=0.95,-0.05,0.04,0.06,0.98,0.95,False,152,307.7182,153.8591,2.0245,0.2848,55.9211,7.1078,32.8771,1.5237,2.0236,54.4,128.9752,257.9503,2.3709,57.0772,0.3339,2.7231,14.8622,1.7348,2.3041
买1+2,买扫|A_LO=-4.0%·A_HI=4.0%·B_HI=6.0%·B×=0.98·C×=0.95,-0.04,0.04,0.06,0.98,0.95,False,152,307.7182,153.8591,2.0245,0.2848,55.9211,7.1078,32.8771,1.5237,2.0236,54.4,128.9752,257.9503,2.3709,57.0772,0.3339,2.7231,14.8622,1.7348,2.3041
买1+2,买扫|A_LO=-6.0%·A_HI=4.0%·B_HI=7.0%·B×=0.97·C×=0.96,-0.06,0.04,0.07,0.97,0.96,False,156,307.3651,153.6825,1.9703,0.2745,54.4872,7.1784,30.4393,1.5823,1.9779,55.15,128.0372,256.0743,2.3216,56.1197,0.3253,2.701,10.5195,1.8103,2.2629
买1+2,买扫|A_LO=-5.0%·A_HI=4.0%·B_HI=7.0%·B×=0.97·C×=0.96,-0.05,0.04,0.07,0.97,0.96,False,156,307.3651,153.6825,1.9703,0.2745,54.4872,7.1784,30.4393,1.5823,1.9779,55.15,128.0372,256.0743,2.3216,56.1197,0.3253,2.701,10.5195,1.8103,2.2629
买1+2,买扫|A_LO=-4.0%·A_HI=4.0%·B_HI=7.0%·B×=0.97·C×=0.96,-0.04,0.04,0.07,0.97,0.96,False,156,307.3651,153.6825,1.9703,0.2745,54.4872,7.1784,30.4393,1.5823,1.9779,55.15,128.0372,256.0743,2.3216,56.1197,0.3253,2.701,10.5195,1.8103,2.2629
买1+2,买扫|A_LO=-6.0%·A_HI=4.0%·B_HI=8.0%·B×=0.98·C×=0.96,-0.06,0.04,0.08,0.98,0.96,False,159,306.1008,153.0504,1.9252,0.267,53.4591,7.2102,31.1491,1.6108,1.9284,56.0,128.0415,256.083,2.2865,55.2679,0.3189,2.7019,11.1418,1.8475,2.2118
买1+2,买扫|A_LO=-5.0%·A_HI=4.0%·B_HI=8.0%·B×=0.98·C×=0.96,-0.05,0.04,0.08,0.98,0.96,False,159,306.1008,153.0504,1.9252,0.267,53.4591,7.2102,31.1491,1.6108,1.9284,56.0,128.0415,256.083,2.2865,55.2679,0.3189,2.7019,11.1418,1.8475,2.2118
买1+2,买扫|A_LO=-4.0%·A_HI=4.0%·B_HI=8.0%·B×=0.98·C×=0.96,-0.04,0.04,0.08,0.98,0.96,False,159,306.1008,153.0504,1.9252,0.267,53.4591,7.2102,31.1491,1.6108,1.9284,56.0,128.0415,256.083,2.2865,55.2679,0.3189,2.7019,11.1418,1.8475,2.2118
买1+2,买扫|A_LO=-6.0%·A_HI=4.0%·B_HI=7.0%·B×=0.98·C×=0.95,-0.06,0.04,0.07,0.98,0.95,False,156,304.7944,152.3972,1.9538,0.2739,53.8462,7.1338,25.784,1.6143,1.9652,55.4,128.2442,256.4884,2.3149,55.5957,0.325,2.7099,11.1418,1.8473,2.2488
买1+2,买扫|A_LO=-5.0%·A_HI=4.0%·B_HI=7.0%·B×=0.98·C×=0.95,-0.05,0.04,0.07,0.98,0.95,False,156,304.7944,152.3972,1.9538,0.2739,53.8462,7.1338,25.784,1.6143,1.9652,55.4,128.2442,256.4884,2.3149,55.5957,0.325,2.7099,11.1418,1.8473,2.2488
买1+2,买扫|A_LO=-4.0%·A_HI=4.0%·B_HI=7.0%·B×=0.98·C×=0.95,-0.04,0.04,0.07,0.98,0.95,False,156,304.7944,152.3972,1.9538,0.2739,53.8462,7.1338,25.784,1.6143,1.9652,55.4,128.2442,256.4884,2.3149,55.5957,0.325,2.7099,11.1418,1.8473,2.2488
买1+2,买扫|A_LO=-6.0%·A_HI=2.0%·B_HI=7.0%·B×=0.98·C×=0.96,-0.06,0.02,0.07,0.98,0.96,False,148,304.5294,152.2647,2.0576,0.2905,55.4054,7.0842,26.3971,1.5725,2.0468,52.15,126.8793,253.7587,2.433,57.1429,0.3456,2.6733,11.7209,1.8237,2.3737
买1+2,买扫|A_LO=-5.0%·A_HI=2.0%·B_HI=7.0%·B×=0.98·C×=0.96,-0.05,0.02,0.07,0.98,0.96,False,148,304.5294,152.2647,2.0576,0.2905,55.4054,7.0842,26.3971,1.5725,2.0468,52.15,126.8793,253.7587,2.433,57.1429,0.3456,2.6733,11.7209,1.8237,2.3737
买1+2,买扫|A_LO=-4.0%·A_HI=2.0%·B_HI=7.0%·B×=0.98·C×=0.96,-0.04,0.02,0.07,0.98,0.96,False,148,304.5294,152.2647,2.0576,0.2905,55.4054,7.0842,26.3971,1.5725,2.0468,52.15,126.8793,253.7587,2.433,57.1429,0.3456,2.6733,11.7209,1.8237,2.3737
买1+2,买扫|A_LO=-6.0%·A_HI=4.0%·B_HI=8.0%·B×=0.97·C×=0.96,-0.06,0.04,0.08,0.97,0.96,False,156,304.2726,152.1363,1.9505,0.2715,54.4872,7.1847,30.4393,1.5721,1.9651,55.15,127.2641,254.5281,2.3076,56.1197,0.3231,2.7026,10.5195,1.8018,2.2523
买1+2,买扫|A_LO=-5.0%·A_HI=4.0%·B_HI=8.0%·B×=0.97·C×=0.96,-0.05,0.04,0.08,0.97,0.96,False,156,304.2726,152.1363,1.9505,0.2715,54.4872,7.1847,30.4393,1.5721,1.9651,55.15,127.2641,254.5281,2.3076,56.1197,0.3231,2.7026,10.5195,1.8018,2.2523
买1+2,买扫|A_LO=-4.0%·A_HI=4.0%·B_HI=8.0%·B×=0.97·C×=0.96,-0.04,0.04,0.08,0.97,0.96,False,156,304.2726,152.1363,1.9505,0.2715,54.4872,7.1847,30.4393,1.5721,1.9651,55.15,127.2641,254.5281,2.3076,56.1197,0.3231,2.7026,10.5195,1.8018,2.2523
买1+2,买扫|A_LO=-6.0%·A_HI=2.0%·B_HI=6.0%·B×=0.98·C×=0.96,-0.06,0.02,0.06,0.98,0.96,False,145,303.9262,151.9631,2.096,0.2977,57.2414,7.0411,32.2752,1.4898,2.0959,51.4,126.7285,253.4571,2.4655,58.463,0.3519,2.68,14.8646,1.7234,2.4244
买1+2,买扫|A_LO=-5.0%·A_HI=2.0%·B_HI=6.0%·B×=0.98·C×=0.96,-0.05,0.02,0.06,0.98,0.96,False,145,303.9262,151.9631,2.096,0.2977,57.2414,7.0411,32.2752,1.4898,2.0959,51.4,126.7285,253.4571,2.4655,58.463,0.3519,2.68,14.8646,1.7234,2.4244
买1+2,买扫|A_LO=-4.0%·A_HI=2.0%·B_HI=6.0%·B×=0.98·C×=0.96,-0.04,0.02,0.06,0.98,0.96,False,145,303.9262,151.9631,2.096,0.2977,57.2414,7.0411,32.2752,1.4898,2.0959,51.4,126.7285,253.4571,2.4655,58.463,0.3519,2.68,14.8646,1.7234,2.4244
买1+2,买扫|A_LO=-6.0%·A_HI=2.0%·B_HI=7.0%·B×=0.97·C×=0.96,-0.06,0.02,0.07,0.97,0.96,False,140,302.0228,151.0114,2.1573,0.304,56.4286,7.0963,24.6569,1.5645,2.1309,49.55,126.1674,252.3348,2.5463,58.224,0.3617,2.6913,11.3172,1.8259,2.4871
买1+2,买扫|A_LO=-5.0%·A_HI=2.0%·B_HI=7.0%·B×=0.97·C×=0.96,-0.05,0.02,0.07,0.97,0.96,False,140,302.0228,151.0114,2.1573,0.304,56.4286,7.0963,24.6569,1.5645,2.1309,49.55,126.1674,252.3348,2.5463,58.224,0.3617,2.6913,11.3172,1.8259,2.4871
买1+2,买扫|A_LO=-4.0%·A_HI=2.0%·B_HI=7.0%·B×=0.97·C×=0.96,-0.04,0.02,0.07,0.97,0.96,False,140,302.0228,151.0114,2.1573,0.304,56.4286,7.0963,24.6569,1.5645,2.1309,49.55,126.1674,252.3348,2.5463,58.224,0.3617,2.6913,11.3172,1.8259,2.4871
买1+2,买扫|A_LO=-6.0%·A_HI=2.0%·B_HI=6.0%·B×=0.98·C×=0.95,-0.06,0.02,0.06,0.98,0.95,False,141,300.025,150.0125,2.1278,0.3048,57.4468,6.9816,32.2752,1.5017,2.134,50.55,126.2825,252.5651,2.4982,58.6548,0.3583,2.6984,14.8646,1.7335,2.4635
买1+2,买扫|A_LO=-5.0%·A_HI=2.0%·B_HI=6.0%·B×=0.98·C×=0.95,-0.05,0.02,0.06,0.98,0.95,False,141,300.025,150.0125,2.1278,0.3048,57.4468,6.9816,32.2752,1.5017,2.134,50.55,126.2825,252.5651,2.4982,58.6548,0.3583,2.6984,14.8646,1.7335,2.4635
买1+2,买扫|A_LO=-4.0%·A_HI=2.0%·B_HI=6.0%·B×=0.98·C×=0.95,-0.04,0.02,0.06,0.98,0.95,False,141,300.025,150.0125,2.1278,0.3048,57.4468,6.9816,32.2752,1.5017,2.134,50.55,126.2825,252.5651,2.4982,58.6548,0.3583,2.6984,14.8646,1.7335,2.4635
买1+2,买扫|A_LO=-6.0%·A_HI=4.0%·B_HI=7.0%·B×=0.97·C×=0.95,-0.06,0.04,0.07,0.97,0.95,False,153,299.9369,149.9684,1.9604,0.2755,54.2484,7.1152,24.2459,1.6059,1.9895,54.55,126.7094,253.4188,2.3228,56.0037,0.3271,2.7128,10.5195,1.8394,2.2787
买1+2,买扫|A_LO=-5.0%·A_HI=4.0%·B_HI=7.0%·B×=0.97·C×=0.95,-0.05,0.04,0.07,0.97,0.95,False,153,299.9369,149.9684,1.9604,0.2755,54.2484,7.1152,24.2459,1.6059,1.9895,54.55,126.7094,253.4188,2.3228,56.0037,0.3271,2.7128,10.5195,1.8394,2.2787
买1+2,买扫|A_LO=-4.0%·A_HI=4.0%·B_HI=7.0%·B×=0.97·C×=0.95,-0.04,0.04,0.07,0.97,0.95,False,153,299.9369,149.9684,1.9604,0.2755,54.2484,7.1152,24.2459,1.6059,1.9895,54.55,126.7094,253.4188,2.3228,56.0037,0.3271,2.7128,10.5195,1.8394,2.2787
买1+2,买扫|A_LO=-6.0%·A_HI=2.0%·B_HI=8.0%·B×=0.97·C×=0.96,-0.06,0.02,0.08,0.97,0.96,False,140,298.9303,149.4652,2.1352,0.3006,56.4286,7.104,24.6569,1.553,2.1153,49.55,125.3943,250.7885,2.5307,58.224,0.3592,2.6934,11.3172,1.8162,2.4737
买1+2,买扫|A_LO=-5.0%·A_HI=2.0%·B_HI=8.0%·B×=0.97·C×=0.96,-0.05,0.02,0.08,0.97,0.96,False,140,298.9303,149.4652,2.1352,0.3006,56.4286,7.104,24.6569,1.553,2.1153,49.55,125.3943,250.7885,2.5307,58.224,0.3592,2.6934,11.3172,1.8162,2.4737
买1+2,买扫|A_LO=-4.0%·A_HI=2.0%·B_HI=8.0%·B×=0.97·C×=0.96,-0.04,0.02,0.08,0.97,0.96,False,140,298.9303,149.4652,2.1352,0.3006,56.4286,7.104,24.6569,1.553,2.1153,49.55,125.3943,250.7885,2.5307,58.224,0.3592,2.6934,11.3172,1.8162,2.4737
买1+2,买扫|A_LO=-6.0%·A_HI=4.0%·B_HI=6.0%·B×=0.97·C×=0.96,-0.06,0.04,0.06,0.97,0.96,False,153,298.5461,149.273,1.9513,0.2728,55.5556,7.1518,33.7297,1.5107,1.9755,54.4,125.8324,251.6649,2.3131,56.8934,0.325,2.7116,14.266,1.7336,2.267
买1+2,买扫|A_LO=-5.0%·A_HI=4.0%·B_HI=6.0%·B×=0.97·C×=0.96,-0.05,0.04,0.06,0.97,0.96,False,153,298.5461,149.273,1.9513,0.2728,55.5556,7.1518,33.7297,1.5107,1.9755,54.4,125.8324,251.6649,2.3131,56.8934,0.325,2.7116,14.266,1.7336,2.267
买1+2,买扫|A_LO=-4.0%·A_HI=4.0%·B_HI=6.0%·B×=0.97·C×=0.96,-0.04,0.04,0.06,0.97,0.96,False,153,298.5461,149.273,1.9513,0.2728,55.5556,7.1518,33.7297,1.5107,1.9755,54.4,125.8324,251.6649,2.3131,56.8934,0.325,2.7116,14.266,1.7336,2.267
买1+2,买扫|A_LO=-6.0%·A_HI=2.0%·B_HI=8.0%·B×=0.98·C×=0.96,-0.06,0.02,0.08,0.98,0.96,False,148,298.4076,149.2038,2.0163,0.2839,54.7297,7.101,26.3971,1.593,2.0161,52.15,125.3489,250.6978,2.4036,56.6635,0.3408,2.6774,11.7209,1.8545,2.3471
买1+2,买扫|A_LO=-5.0%·A_HI=2.0%·B_HI=8.0%·B×=0.98·C×=0.96,-0.05,0.02,0.08,0.98,0.96,False,148,298.4076,149.2038,2.0163,0.2839,54.7297,7.101,26.3971,1.593,2.0161,52.15,125.3489,250.6978,2.4036,56.6635,0.3408,2.6774,11.7209,1.8545,2.3471
买1+2,买扫|A_LO=-4.0%·A_HI=2.0%·B_HI=8.0%·B×=0.98·C×=0.96,-0.04,0.02,0.08,0.98,0.96,False,148,298.4076,149.2038,2.0163,0.2839,54.7297,7.101,26.3971,1.593,2.0161,52.15,125.3489,250.6978,2.4036,56.6635,0.3408,2.6774,11.7209,1.8545,2.3471
买1+2,买扫|A_LO=-6.0%·A_HI=2.0%·B_HI=7.0%·B×=0.98·C×=0.95,-0.06,0.02,0.07,0.98,0.95,False,145,297.1012,148.5506,2.049,0.2921,55.1724,7.0148,27.3205,1.5981,2.0621,51.55,125.5516,251.1032,2.4355,57.032,0.348,2.6852,13.2902,1.8552,2.3938
买1+2,买扫|A_LO=-5.0%·A_HI=2.0%·B_HI=7.0%·B×=0.98·C×=0.95,-0.05,0.02,0.07,0.98,0.95,False,145,297.1012,148.5506,2.049,0.2921,55.1724,7.0148,27.3205,1.5981,2.0621,51.55,125.5516,251.1032,2.4355,57.032,0.348,2.6852,13.2902,1.8552,2.3938
买1+2,买扫|A_LO=-4.0%·A_HI=2.0%·B_HI=7.0%·B×=0.98·C×=0.95,-0.04,0.02,0.07,0.98,0.95,False,145,297.1012,148.5506,2.049,0.2921,55.1724,7.0148,27.3205,1.5981,2.0621,51.55,125.5516,251.1032,2.4355,57.032,0.348,2.6852,13.2902,1.8552,2.3938
买1+2,买扫|A_LO=-6.0%·A_HI=4.0%·B_HI=8.0%·B×=0.98·C×=0.95,-0.06,0.04,0.08,0.98,0.95,False,156,295.515,147.7575,1.8943,0.2649,53.2051,7.1524,25.784,1.6234,1.9249,55.4,125.9244,251.8487,2.273,55.1444,0.3185,2.7148,11.1418,1.8682,2.2152
买1+2,买扫|A_LO=-5.0%·A_HI=4.0%·B_HI=8.0%·B×=0.98·C×=0.95,-0.05,0.04,0.08,0.98,0.95,False,156,295.515,147.7575,1.8943,0.2649,53.2051,7.1524,25.784,1.6234,1.9249,55.4,125.9244,251.8487,2.273,55.1444,0.3185,2.7148,11.1418,1.8682,2.2152
买1+2,买扫|A_LO=-4.0%·A_HI=4.0%·B_HI=8.0%·B×=0.98·C×=0.95,-0.04,0.04,0.08,0.98,0.95,False,156,295.515,147.7575,1.8943,0.2649,53.2051,7.1524,25.784,1.6234,1.9249,55.4,125.9244,251.8487,2.273,55.1444,0.3185,2.7148,11.1418,1.8682,2.2152
买1+2,买扫|A_LO=-6.0%·A_HI=4.0%·B_HI=6.0%·B×=0.97·C×=0.95,-0.06,0.04,0.06,0.97,0.95,False,149,294.6449,147.3224,1.9775,0.2785,55.7047,7.1,32.3272,1.5216,2.0046,53.55,125.3864,250.7728,2.3415,57.0495,0.3303,2.73,14.266,1.7439,2.2975
买1+2,买扫|A_LO=-5.0%·A_HI=4.0%·B_HI=6.0%·B×=0.97·C×=0.95,-0.05,0.04,0.06,0.97,0.95,False,149,294.6449,147.3224,1.9775,0.2785,55.7047,7.1,32.3272,1.5216,2.0046,53.55,125.3864,250.7728,2.3415,57.0495,0.3303,2.73,14.266,1.7439,2.2975
买1+2,买扫|A_LO=-4.0%·A_HI=4.0%·B_HI=6.0%·B×=0.97·C×=0.95,-0.04,0.04,0.06,0.97,0.95,False,149,294.6449,147.3224,1.9775,0.2785,55.7047,7.1,32.3272,1.5216,2.0046,53.55,125.3864,250.7728,2.3415,57.0495,0.3303,2.73,14.266,1.7439,2.2975
买1+2,买扫|A_LO=-6.0%·A_HI=2.0%·B_HI=7.0%·B×=0.97·C×=0.95,-0.06,0.02,0.07,0.97,0.95,False,137,294.5946,147.2973,2.1503,0.3062,56.2044,7.0233,21.3192,1.5925,2.1513,48.95,124.8396,249.6792,2.5503,58.1205,0.3645,2.7042,10.5198,1.8597,2.5122
买1+2,买扫|A_LO=-5.0%·A_HI=2.0%·B_HI=7.0%·B×=0.97·C×=0.95,-0.05,0.02,0.07,0.97,0.95,False,137,294.5946,147.2973,2.1503,0.3062,56.2044,7.0233,21.3192,1.5925,2.1513,48.95,124.8396,249.6792,2.5503,58.1205,0.3645,2.7042,10.5198,1.8597,2.5122
买1+2,买扫|A_LO=-4.0%·A_HI=2.0%·B_HI=7.0%·B×=0.97·C×=0.95,-0.04,0.02,0.07,0.97,0.95,False,137,294.5946,147.2973,2.1503,0.3062,56.2044,7.0233,21.3192,1.5925,2.1513,48.95,124.8396,249.6792,2.5503,58.1205,0.3645,2.7042,10.5198,1.8597,2.5122
买1+2,买扫|A_LO=-6.0%·A_HI=4.0%·B_HI=8.0%·B×=0.97·C×=0.95,-0.06,0.04,0.08,0.97,0.95,False,153,293.6869,146.8434,1.9195,0.2694,54.2484,7.1252,24.2459,1.5843,1.9626,54.55,125.1469,250.2938,2.2942,56.0037,0.3227,2.7157,10.5195,1.8217,2.2567
买1+2,买扫|A_LO=-5.0%·A_HI=4.0%·B_HI=8.0%·B×=0.97·C×=0.95,-0.05,0.04,0.08,0.97,0.95,False,153,293.6869,146.8434,1.9195,0.2694,54.2484,7.1252,24.2459,1.5843,1.9626,54.55,125.1469,250.2938,2.2942,56.0037,0.3227,2.7157,10.5195,1.8217,2.2567
买1+2,买扫|A_LO=-4.0%·A_HI=4.0%·B_HI=8.0%·B×=0.97·C×=0.95,-0.04,0.04,0.08,0.97,0.95,False,153,293.6869,146.8434,1.9195,0.2694,54.2484,7.1252,24.2459,1.5843,1.9626,54.55,125.1469,250.2938,2.2942,56.0037,0.3227,2.7157,10.5195,1.8217,2.2567
买1+2,买扫|A_LO=-6.0%·A_HI=2.0%·B_HI=6.0%·B×=0.97·C×=0.96,-0.06,0.02,0.06,0.97,0.96,False,137,293.2038,146.6019,2.1402,0.3029,57.6642,7.0649,26.8369,1.485,2.133,48.8,123.9626,247.9253,2.5402,59.1189,0.362,2.703,12.0618,1.7388,2.4976
买1+2,买扫|A_LO=-5.0%·A_HI=2.0%·B_HI=6.0%·B×=0.97·C×=0.96,-0.05,0.02,0.06,0.97,0.96,False,137,293.2038,146.6019,2.1402,0.3029,57.6642,7.0649,26.8369,1.485,2.133,48.8,123.9626,247.9253,2.5402,59.1189,0.362,2.703,12.0618,1.7388,2.4976
买1+2,买扫|A_LO=-4.0%·A_HI=2.0%·B_HI=6.0%·B×=0.97·C×=0.96,-0.04,0.02,0.06,0.97,0.96,False,137,293.2038,146.6019,2.1402,0.3029,57.6642,7.0649,26.8369,1.485,2.133,48.8,123.9626,247.9253,2.5402,59.1189,0.362,2.703,12.0618,1.7388,2.4976
买1+2,买扫|A_LO=-6.0%·A_HI=2.0%·B_HI=6.0%·B×=0.96·C×=0.96,-0.06,0.02,0.06,0.96,0.96,False,130,290.5821,145.2911,2.2352,0.3138,58.4615,7.1227,29.5981,1.4757,2.1991,46.55,124.736,249.472,2.6796,60.1504,0.3789,2.745,13.0961,1.7537,2.6133
买1+2,买扫|A_LO=-6.0%·A_HI=2.0%·B_HI=7.0%·B×=0.96·C×=0.96,-0.06,0.02,0.07,0.96,0.96,False,130,290.5821,145.2911,2.2352,0.3138,58.4615,7.1227,29.5981,1.4757,2.1991,46.55,124.736,249.472,2.6796,60.1504,0.3789,2.745,13.0961,1.7537,2.6133
买1+2,买扫|A_LO=-6.0%·A_HI=2.0%·B_HI=8.0%·B×=0.96·C×=0.96,-0.06,0.02,0.08,0.96,0.96,False,130,290.5821,145.2911,2.2352,0.3138,58.4615,7.1227,29.5981,1.4757,2.1991,46.55,124.736,249.472,2.6796,60.1504,0.3789,2.745,13.0961,1.7537,2.6133
买1+2,买扫|A_LO=-5.0%·A_HI=2.0%·B_HI=6.0%·B×=0.96·C×=0.96,-0.05,0.02,0.06,0.96,0.96,False,130,290.5821,145.2911,2.2352,0.3138,58.4615,7.1227,29.5981,1.4757,2.1991,46.55,124.736,249.472,2.6796,60.1504,0.3789,2.745,13.0961,1.7537,2.6133
买1+2,买扫|A_LO=-5.0%·A_HI=2.0%·B_HI=7.0%·B×=0.96·C×=0.96,-0.05,0.02,0.07,0.96,0.96,False,130,290.5821,145.2911,2.2352,0.3138,58.4615,7.1227,29.5981,1.4757,2.1991,46.55,124.736,249.472,2.6796,60.1504,0.3789,2.745,13.0961,1.7537,2.6133
买1+2,买扫|A_LO=-5.0%·A_HI=2.0%·B_HI=8.0%·B×=0.96·C×=0.96,-0.05,0.02,0.08,0.96,0.96,False,130,290.5821,145.2911,2.2352,0.3138,58.4615,7.1227,29.5981,1.4757,2.1991,46.55,124.736,249.472,2.6796,60.1504,0.3789,2.745,13.0961,1.7537,2.6133
买1+2,买扫|A_LO=-4.0%·A_HI=2.0%·B_HI=6.0%·B×=0.96·C×=0.96,-0.04,0.02,0.06,0.96,0.96,False,130,290.5821,145.2911,2.2352,0.3138,58.4615,7.1227,29.5981,1.4757,2.1991,46.55,124.736,249.472,2.6796,60.1504,0.3789,2.745,13.0961,1.7537,2.6133
买1+2,买扫|A_LO=-4.0%·A_HI=2.0%·B_HI=7.0%·B×=0.96·C×=0.96,-0.04,0.02,0.07,0.96,0.96,False,130,290.5821,145.2911,2.2352,0.3138,58.4615,7.1227,29.5981,1.4757,2.1991,46.55,124.736,249.472,2.6796,60.1504,0.3789,2.745,13.0961,1.7537,2.6133
买1+2,买扫|A_LO=-4.0%·A_HI=2.0%·B_HI=8.0%·B×=0.96·C×=0.96,-0.04,0.02,0.08,0.96,0.96,False,130,290.5821,145.2911,2.2352,0.3138,58.4615,7.1227,29.5981,1.4757,2.1991,46.55,124.736,249.472,2.6796,60.1504,0.3789,2.745,13.0961,1.7537,2.6133
买1+2,买扫|A_LO=-6.0%·A_HI=2.0%·B_HI=6.0%·B×=0.97·C×=0.95,-0.06,0.02,0.06,0.97,0.95,False,133,289.3026,144.6513,2.1752,0.3106,57.8947,7.0025,25.5975,1.4977,2.1759,47.95,123.5166,247.0332,2.5759,59.3326,0.369,2.7227,12.6078,1.7498,2.5421
买1+2,买扫|A_LO=-5.0%·A_HI=2.0%·B_HI=6.0%·B×=0.97·C×=0.95,-0.05,0.02,0.06,0.97,0.95,False,133,289.3026,144.6513,2.1752,0.3106,57.8947,7.0025,25.5975,1.4977,2.1759,47.95,123.5166,247.0332,2.5759,59.3326,0.369,2.7227,12.6078,1.7498,2.5421
买1+2,买扫|A_LO=-4.0%·A_HI=2.0%·B_HI=6.0%·B×=0.97·C×=0.95,-0.04,0.02,0.06,0.97,0.95,False,133,289.3026,144.6513,2.1752,0.3106,57.8947,7.0025,25.5975,1.4977,2.1759,47.95,123.5166,247.0332,2.5759,59.3326,0.369,2.7227,12.6078,1.7498,2.5421
买1+2,买扫|A_LO=-6.0%·A_HI=2.0%·B_HI=8.0%·B×=0.97·C×=0.95,-0.06,0.02,0.08,0.97,0.95,False,137,288.3446,144.1723,2.1047,0.2991,56.2044,7.0358,21.3192,1.5681,2.1183,48.95,123.2771,246.5542,2.5184,58.1205,0.3594,2.7078,10.5198,1.8391,2.4845
买1+2,买扫|A_LO=-5.0%·A_HI=2.0%·B_HI=8.0%·B×=0.97·C×=0.95,-0.05,0.02,0.08,0.97,0.95,False,137,288.3446,144.1723,2.1047,0.2991,56.2044,7.0358,21.3192,1.5681,2.1183,48.95,123.2771,246.5542,2.5184,58.1205,0.3594,2.7078,10.5198,1.8391,2.4845
买1+2,买扫|A_LO=-4.0%·A_HI=2.0%·B_HI=8.0%·B×=0.97·C×=0.95,-0.04,0.02,0.08,0.97,0.95,False,137,288.3446,144.1723,2.1047,0.2991,56.2044,7.0358,21.3192,1.5681,2.1183,48.95,123.2771,246.5542,2.5184,58.1205,0.3594,2.7078,10.5198,1.8391,2.4845
买1+2,买扫|A_LO=-6.0%·A_HI=2.0%·B_HI=8.0%·B×=0.98·C×=0.95,-0.06,0.02,0.08,0.98,0.95,False,145,287.8218,143.9109,1.985,0.2821,54.4828,7.0359,27.3205,1.6072,2.0154,51.55,123.2317,246.4635,2.3905,56.547,0.3407,2.6908,13.2902,1.8772,2.354
买1+2,买扫|A_LO=-5.0%·A_HI=2.0%·B_HI=8.0%·B×=0.98·C×=0.95,-0.05,0.02,0.08,0.98,0.95,False,145,287.8218,143.9109,1.985,0.2821,54.4828,7.0359,27.3205,1.6072,2.0154,51.55,123.2317,246.4635,2.3905,56.547,0.3407,2.6908,13.2902,1.8772,2.354
买1+2,买扫|A_LO=-4.0%·A_HI=2.0%·B_HI=8.0%·B×=0.98·C×=0.95,-0.04,0.02,0.08,0.98,0.95,False,145,287.8218,143.9109,1.985,0.2821,54.4828,7.0359,27.3205,1.6072,2.0154,51.55,123.2317,246.4635,2.3905,56.547,0.3407,2.6908,13.2902,1.8772,2.354
买1+2,买扫|A_LO=-6.0%·A_HI=2.0%·B_HI=6.0%·B×=0.96·C×=0.95,-0.06,0.02,0.06,0.96,0.95,False,126,286.6809,143.3405,2.2752,0.3223,58.7302,7.0586,28.1081,1.489,2.2487,45.7,124.29,248.5799,2.7197,60.3939,0.3866,2.7664,13.0961,1.7648,2.6652
买1+2,买扫|A_LO=-5.0%·A_HI=2.0%·B_HI=6.0%·B×=0.96·C×=0.95,-0.05,0.02,0.06,0.96,0.95,False,126,286.6809,143.3405,2.2752,0.3223,58.7302,7.0586,28.1081,1.489,2.2487,45.7,124.29,248.5799,2.7197,60.3939,0.3866,2.7664,13.0961,1.7648,2.6652
买1+2,买扫|A_LO=-4.0%·A_HI=2.0%·B_HI=6.0%·B×=0.96·C×=0.95,-0.04,0.02,0.06,0.96,0.95,False,126,286.6809,143.3405,2.2752,0.3223,58.7302,7.0586,28.1081,1.489,2.2487,45.7,124.29,248.5799,2.7197,60.3939,0.3866,2.7664,13.0961,1.7648,2.6652
买1+2,买扫|A_LO=-6.0%·A_HI=2.0%·B_HI=7.0%·B×=0.96·C×=0.95,-0.06,0.02,0.07,0.96,0.95,False,127,283.1539,141.577,2.2296,0.3165,58.2677,7.0447,29.5981,1.5034,2.225,45.95,123.4082,246.8164,2.6857,60.0653,0.3822,2.7596,13.0961,1.787,2.6448
买1+2,买扫|A_LO=-5.0%·A_HI=2.0%·B_HI=7.0%·B×=0.96·C×=0.95,-0.05,0.02,0.07,0.96,0.95,False,127,283.1539,141.577,2.2296,0.3165,58.2677,7.0447,29.5981,1.5034,2.225,45.95,123.4082,246.8164,2.6857,60.0653,0.3822,2.7596,13.0961,1.787,2.6448
买1+2,买扫|A_LO=-4.0%·A_HI=2.0%·B_HI=7.0%·B×=0.96·C×=0.95,-0.04,0.02,0.07,0.96,0.95,False,127,283.1539,141.577,2.2296,0.3165,58.2677,7.0447,29.5981,1.5034,2.225,45.95,123.4082,246.8164,2.6857,60.0653,0.3822,2.7596,13.0961,1.787,2.6448
买1+2,买扫|A_LO=-6.0%·A_HI=4.0%·B_HI=6.0%·B×=0.96·C×=0.96,-0.06,0.04,0.06,0.96,0.96,False,149,282.9731,141.4866,1.8991,0.2648,55.0336,7.1721,30.6256,1.5169,1.9435,53.2,122.0728,244.1456,2.2946,56.5789,0.3211,2.7372,13.9047,1.758,2.2524
买1+2,买扫|A_LO=-6.0%·A_HI=4.0%·B_HI=7.0%·B×=0.96·C×=0.96,-0.06,0.04,0.07,0.96,0.96,False,149,282.9731,141.4866,1.8991,0.2648,55.0336,7.1721,30.6256,1.5169,1.9435,53.2,122.0728,244.1456,2.2946,56.5789,0.3211,2.7372,13.9047,1.758,2.2524
买1+2,买扫|A_LO=-6.0%·A_HI=4.0%·B_HI=8.0%·B×=0.96·C×=0.96,-0.06,0.04,0.08,0.96,0.96,False,149,282.9731,141.4866,1.8991,0.2648,55.0336,7.1721,30.6256,1.5169,1.9435,53.2,122.0728,244.1456,2.2946,56.5789,0.3211,2.7372,13.9047,1.758,2.2524
买1+2,买扫|A_LO=-5.0%·A_HI=4.0%·B_HI=6.0%·B×=0.96·C×=0.96,-0.05,0.04,0.06,0.96,0.96,False,149,282.9731,141.4866,1.8991,0.2648,55.0336,7.1721,30.6256,1.5169,1.9435,53.2,122.0728,244.1456,2.2946,56.5789,0.3211,2.7372,13.9047,1.758,2.2524
买1+2,买扫|A_LO=-5.0%·A_HI=4.0%·B_HI=7.0%·B×=0.96·C×=0.96,-0.05,0.04,0.07,0.96,0.96,False,149,282.9731,141.4866,1.8991,0.2648,55.0336,7.1721,30.6256,1.5169,1.9435,53.2,122.0728,244.1456,2.2946,56.5789,0.3211,2.7372,13.9047,1.758,2.2524
买1+2,买扫|A_LO=-5.0%·A_HI=4.0%·B_HI=8.0%·B×=0.96·C×=0.96,-0.05,0.04,0.08,0.96,0.96,False,149,282.9731,141.4866,1.8991,0.2648,55.0336,7.1721,30.6256,1.5169,1.9435,53.2,122.0728,244.1456,2.2946,56.5789,0.3211,2.7372,13.9047,1.758,2.2524
买1+2,买扫|A_LO=-4.0%·A_HI=4.0%·B_HI=6.0%·B×=0.96·C×=0.96,-0.04,0.04,0.06,0.96,0.96,False,149,282.9731,141.4866,1.8991,0.2648,55.0336,7.1721,30.6256,1.5169,1.9435,53.2,122.0728,244.1456,2.2946,56.5789,0.3211,2.7372,13.9047,1.758,2.2524
买1+2,买扫|A_LO=-4.0%·A_HI=4.0%·B_HI=7.0%·B×=0.96·C×=0.96,-0.04,0.04,0.07,0.96,0.96,False,149,282.9731,141.4866,1.8991,0.2648,55.0336,7.1721,30.6256,1.5169,1.9435,53.2,122.0728,244.1456,2.2946,56.5789,0.3211,2.7372,13.9047,1.758,2.2524
买1+2,买扫|A_LO=-4.0%·A_HI=4.0%·B_HI=8.0%·B×=0.96·C×=0.96,-0.04,0.04,0.08,0.96,0.96,False,149,282.9731,141.4866,1.8991,0.2648,55.0336,7.1721,30.6256,1.5169,1.9435,53.2,122.0728,244.1456,2.2946,56.5789,0.3211,2.7372,13.9047,1.758,2.2524
买1+2,买扫|A_LO=-6.0%·A_HI=2.0%·B_HI=8.0%·B×=0.96·C×=0.95,-0.06,0.02,0.08,0.96,0.95,False,127,279.9964,139.9982,2.2047,0.3127,58.2677,7.05,29.5981,1.4907,2.2062,45.95,122.6188,245.2377,2.6685,60.0653,0.3795,2.7614,13.0961,1.7763,2.6289
买1+2,买扫|A_LO=-5.0%·A_HI=2.0%·B_HI=8.0%·B×=0.96·C×=0.95,-0.05,0.02,0.08,0.96,0.95,False,127,279.9964,139.9982,2.2047,0.3127,58.2677,7.05,29.5981,1.4907,2.2062,45.95,122.6188,245.2377,2.6685,60.0653,0.3795,2.7614,13.0961,1.7763,2.6289
买1+2,买扫|A_LO=-4.0%·A_HI=2.0%·B_HI=8.0%·B×=0.96·C×=0.95,-0.04,0.02,0.08,0.96,0.95,False,127,279.9964,139.9982,2.2047,0.3127,58.2677,7.05,29.5981,1.4907,2.2062,45.95,122.6188,245.2377,2.6685,60.0653,0.3795,2.7614,13.0961,1.7763,2.6289
买1+2,买扫|A_LO=-6.0%·A_HI=4.0%·B_HI=6.0%·B×=0.96·C×=0.95,-0.06,0.04,0.06,0.96,0.95,False,145,279.0719,139.536,1.9246,0.2703,55.1724,7.1198,31.4774,1.5282,1.9719,52.35,121.6268,243.2536,2.3233,56.7335,0.3265,2.7567,13.9047,1.7694,2.2831
买1+2,买扫|A_LO=-5.0%·A_HI=4.0%·B_HI=6.0%·B×=0.96·C×=0.95,-0.05,0.04,0.06,0.96,0.95,False,145,279.0719,139.536,1.9246,0.2703,55.1724,7.1198,31.4774,1.5282,1.9719,52.35,121.6268,243.2536,2.3233,56.7335,0.3265,2.7567,13.9047,1.7694,2.2831
买1+2,买扫|A_LO=-4.0%·A_HI=4.0%·B_HI=6.0%·B×=0.96·C×=0.95,-0.04,0.04,0.06,0.96,0.95,False,145,279.0719,139.536,1.9246,0.2703,55.1724,7.1198,31.4774,1.5282,1.9719,52.35,121.6268,243.2536,2.3233,56.7335,0.3265,2.7567,13.9047,1.7694,2.2831
买1+2,买扫|A_LO=-6.0%·A_HI=4.0%·B_HI=7.0%·B×=0.96·C×=0.95,-0.06,0.04,0.07,0.96,0.95,False,146,275.5449,137.7725,1.8873,0.2656,54.7945,7.1056,32.8975,1.5391,1.9544,52.6,120.7451,241.4901,2.2955,56.4639,0.3229,2.7503,13.9047,1.7865,2.2686
买1+2,买扫|A_LO=-5.0%·A_HI=4.0%·B_HI=7.0%·B×=0.96·C×=0.95,-0.05,0.04,0.07,0.96,0.95,False,146,275.5449,137.7725,1.8873,0.2656,54.7945,7.1056,32.8975,1.5391,1.9544,52.6,120.7451,241.4901,2.2955,56.4639,0.3229,2.7503,13.9047,1.7865,2.2686
买1+2,买扫|A_LO=-4.0%·A_HI=4.0%·B_HI=7.0%·B×=0.96·C×=0.95,-0.04,0.04,0.07,0.96,0.95,False,146,275.5449,137.7725,1.8873,0.2656,54.7945,7.1056,32.8975,1.5391,1.9544,52.6,120.7451,241.4901,2.2955,56.4639,0.3229,2.7503,13.9047,1.7865,2.2686
买1+2,买扫|A_LO=-6.0%·A_HI=4.0%·B_HI=8.0%·B×=0.96·C×=0.95,-0.06,0.04,0.08,0.96,0.95,False,146,272.3874,136.1937,1.8657,0.2624,54.7945,7.1091,32.8975,1.5279,1.9402,52.6,119.9557,239.9113,2.2805,56.4639,0.3207,2.7515,13.9047,1.7774,2.257
买1+2,买扫|A_LO=-5.0%·A_HI=4.0%·B_HI=8.0%·B×=0.96·C×=0.95,-0.05,0.04,0.08,0.96,0.95,False,146,272.3874,136.1937,1.8657,0.2624,54.7945,7.1091,32.8975,1.5279,1.9402,52.6,119.9557,239.9113,2.2805,56.4639,0.3207,2.7515,13.9047,1.7774,2.257
买1+2,买扫|A_LO=-4.0%·A_HI=4.0%·B_HI=8.0%·B×=0.96·C×=0.95,-0.04,0.04,0.08,0.96,0.95,False,146,272.3874,136.1937,1.8657,0.2624,54.7945,7.1091,32.8975,1.5279,1.9402,52.6,119.9557,239.9113,2.2805,56.4639,0.3207,2.7515,13.9047,1.7774,2.257
